ssn_number,name,person_address,birthdate,phone,license_plate,job,email_address,ip_address,bank_account,swift_code,device_address,internet_domain_name,gender,salary
006-83-6581,Michele Young,"2072 Teresa Pines
Delgadoside, IN 84032",12-06-1989,3055717074670,97PE3,"Engineer, mining",wheelerlisa@hotmail.com,153.144.26.119,XCGV25764729142627,CZAMGB2WD4P,b3:5e:03:c7:ba:be,Tony Gonzalez,F,10000
005-69-3043,Monica Sharp,"PSC 9279, Box 7392
APO AA 37581",01-06-1972,301303398366,DQG-560,Retail manager,victoriaowens@yahoo.com,133.94.1.239,YKGT87767872175621,RVLIGBRBL8F,04:18:0b:db:9a:46,Felicia Ward,F,10000
003-62-7315,James George,"63486 Ortega Pines
Vargasshire, NE 79512",05-06-1910,1392370801410,QBC 316,Accounting technician,samantha09@yahoo.com,134.95.19.175,IKIR69796257220090,NCAWGBIVPRL,7b:20:fb:b7:fe:5b,Margaret Bailey,M,10000
007-76-5067,Jared Luna,"3409 Aguirre Islands Apt. 156
Cookchester, OR 58112",04-09-2005,1999451551063,2-N4492,"Librarian, public",brianware@gmail.com,219.153.251.89,MEZS50895489444021,STTIGB0T8HP,8b:fb:90:7e:d4:2b,Michele Brown,M,10000
007-63-5476,Jason Nelson,"2914 Dean Meadow
Lake Johnmouth, PA 59440",10-12-1924,105294800178,447 BSQ,"Research officer, government",leedavid@hotmail.com,157.58.30.197,QGZP58741858747554,SGODGB38L0V,b0:b9:52:6b:5d:82,Lori Graham,M,10000
002-12-0479,Christina Watson,"7947 Heath Vista Apt. 616
Thompsonbury, KS 12106",07-06-1957,650028989633,425 XLU,Operational investment banker,aturner@gmail.com,52.219.19.253,JXVW59396276362838,JYMAGBH91SW,02:21:b5:19:20:59,Daniel George,F,10000
008-34-1462,David Knight,"USNV Davis
FPO AE 94718",12-11-1998,9085659707382,54Z B19,Town planner,jcabrera@hotmail.com,126.117.102.157,BNDE18337046821829,PFGFGB8QI2F,e0:c4:80:ca:75:4b,Kendra Taylor,M,10000
003-88-3858,Mallory Green,"7358 Clark Extension
Davidchester, MS 80082",03-05-1920,910073702266,03W?952,Chief Technology Officer,joshuasmith@hotmail.com,156.69.53.55,OGVR10023662477210,ZNLPGB17BE7,73:eb:4f:c8:7c:02,Caroline Haynes,F,10000
007-47-1634,Tammy Martin,"847 Velasquez Place
Nicoleville, NH 36663",08-06-1948,4335226746520,617 DXC,Printmaker,jessica11@yahoo.com,76.219.113.196,EQCL59115578730378,QQYYGBT5BPS,d4:74:49:ad:55:d9,Paul Short,F,10000
009-09-9197,Alan Carpenter,"7256 Schaefer Mount Apt. 756
Amandaside, WA 94605",08-11-1996,812586546828,2SNQ 27,Contracting civil engineer,murrayeric@yahoo.com,123.157.191.23,BUGG21556437137384,RYCMGBFTBAT,a6:79:d4:08:ac:d7,Jeanette Malone,M,10000
002-40-8507,Jacqueline Santos,"882 Raven Vista Suite 122
Hannahview, AR 32981",25-08-1947,6979408193299,9TN78,Insurance underwriter,ralph53@yahoo.com,38.94.47.139,PKUK89398233870795,ZFZJGBRI233,1e:5e:c3:b3:b0:1b,hart.com,F,10000
002-64-6843,Dr. Gary Wright,"792 Andrew Well
Meganland, SD 04599",11-01-1957,1885072691135,296-RAE,"Accountant, chartered",ramirezcourtney@hotmail.com,121.25.77.24,IFDZ08389576441115,MWCDGBRME3Y,f5:0c:b3:14:71:95,barry-howell.com,M,10000
002-99-3566,Kayla Brown,"290 Estes Street
Hernandezport, SD 89259",13-03-2013,3609938191123,235-KWXE,"Programme researcher, broadcasting/film/video",thomas18@hotmail.com,204.188.188.238,VDQN17406366621840,XODPGBJZB9U,9c:ec:08:6b:64:41,jones-romero.org,F,10000
003-11-9619,Philip Peterson,"2088 Roman Highway
South Theresa, KY 94370",23-06-2006,435914349953,7V 5Q7MKC,Counsellor,bharrison@yahoo.com,33.36.246.132,NFYP96889659902798,ZWVDGBLLJ0G,57:4c:61:65:76:17,solis-brown.net,M,10000
003-82-5570,Marcus Soto,"63737 Shaun Mills Suite 294
East Ashleyburgh, TX 14817",23-04-1930,2253826128789,ALV6047,Broadcast journalist,juan06@hotmail.com,173.253.211.168,USFM79002462692134,JKVMGB7XP16,95:2b:f9:0b:8e:73,howard.biz,M,10000
004-40-4016,Patricia Cook,"88714 John Stream Apt. 497
East Angelamouth, NM 68248",24-10-1907,2840772961185,9911 RL,Medical secretary,ywilliams@gmail.com,63.168.213.225,LCZU07933984848587,CSLGGB89GP9,4c:bc:ab:99:6b:82,valenzuela.com,F,10000
005-06-4612,Dawn Johnson,"USNV Barton
FPO AE 81101",23-09-1988,9137826547602,LWY 313,Public librarian,bjones@yahoo.com,78.29.13.0,GADE03993997904022,SRWKGBF93RN,ff:79:a8:b7:e0:4d,wilkerson.com,F,10000
006-96-7253,Krista Haney,"70432 Johnson Inlet
Matthewfurt, ME 24036",30-01-1960,5449006814333,EZN 778,"Engineer, civil (contracting)",tammy55@yahoo.com,2.219.220.109,LHNR85948669051717,OPZYGBNX4EC,ed:dd:36:c3:c5:15,park.com,F,10000
007-40-0894,Patricia Clark,"73162 Flowers Manor Suite 621
Port Jasonport, ND 24386",04-09-1937,8223128457618,WI-6838,Academic librarian,billy06@gmail.com,168.231.151.204,QVPU50731121216160,CQQGGB20NTD,74:d3:cb:9c:cf:f2,hernandez.net,F,10000
009-24-5348,Daniel Bailey,"4627 Randall Cliffs
Port Charles, GA 29720",12-12-1934,1306239456108,1MU 730,"Administrator, education",jdickson@gmail.com,143.124.19.163,IPHV60115274818189,PYSZGBW4REQ,37:62:15:68:84:17,Susan Solis,M,10000
